dataset,classifier,explainer,threshold,general_idx_run_1,general_idx_run_2,general_idx_run_3,general_idx_run_4,general_idx_run_5,general_idx_run_6,general_idx_run_7,general_idx_run_8,general_idx_run_9,general_idx_run_10,true_idx_run_1,true_idx_run_2,true_idx_run_3,true_idx_run_4,true_idx_run_5,true_idx_run_6,true_idx_run_7,true_idx_run_8,true_idx_run_9,true_idx_run_10,false_idx_run_1,false_idx_run_2,false_idx_run_3,false_idx_run_4,false_idx_run_5,false_idx_run_6,false_idx_run_7,false_idx_run_8,false_idx_run_9,false_idx_run_10,general_mean,true_mean,false_mean
cicids17,CatBoost,lime,0.0,0.015384615384615387,0.015384615384615387,0.015384615384615387,0.015384615384615387,0.015384615384615387,0.015384615384615387,0.015384615384615387,0.015384615384615387,0.015384615384615387,0.015384615384615387,0.015384615384615387,0.015384615384615387,0.015384615384615387,0.015384615384615387,0.015384615384615387,0.015384615384615387,0.015384615384615387,0.015384615384615387,0.015384615384615387,0.015384615384615387,0.015384615384615385,0.015384615384615385,0.015384615384615385,0.015384615384615385,0.015384615384615385,0.015384615384615385,0.015384615384615385,0.015384615384615385,0.015384615384615385,0.015384615384615385,0.015384615384615389,0.015384615384615389,0.015384615384615385
cicids17,CatBoost,lime,0.1,0.5489846153846154,0.5449846153846154,0.5489076923076923,0.5444923076923076,0.5466615384615384,0.5447692307692307,0.5518615384615384,0.5427538461538461,0.5489846153846154,0.5419076923076923,0.5451538461538462,0.542876923076923,0.5459076923076923,0.543,0.543923076923077,0.5483538461538462,0.5471076923076923,0.5420615384615385,0.5424615384615384,0.5426461538461539,0.508255404725993,0.5062845651080945,0.5202212166918049,0.5125389643036702,0.5019004524886878,0.5095022624434389,0.5115736551030668,0.5156359979889391,0.513826043237808,0.5115937657114127,0.546430769230769,0.5443492307692309,0.5111332327802915
cicids17,CatBoost,lime,0.2,0.807123076923077,0.8072461538461541,0.8044153846153848,0.8003846153846155,0.8064461538461539,0.8004769230769232,0.8079846153846156,0.8035076923076925,0.8052000000000001,0.8005846153846156,0.8031846153846155,0.802523076923077,0.8046307692307694,0.798646153846154,0.8002307692307694,0.8048461538461539,0.805246153846154,0.8040153846153847,0.8007384615384617,0.8020923076923077,0.77649069884364,0.7767923579688286,0.7860432378079438,0.7830467571644042,0.7731121166415283,0.7788235294117647,0.7778381096028156,0.7833886375062846,0.7840321769733535,0.7797083961789844,0.8043369230769232,0.8026153846153848,0.7799276018099547
cicids17,CatBoost,lime,0.3,0.9024153846153847,0.9025076923076925,0.9010153846153848,0.8977076923076924,0.902123076923077,0.8995538461538463,0.9041846153846155,0.8995384615384616,0.9014923076923078,0.8977230769230771,0.9003384615384618,0.8991076923076926,0.9012769230769231,0.8982,0.8986307692307693,0.9009384615384617,0.9017384615384617,0.8996153846153847,0.8980153846153849,0.8977538461538463,0.895062845651081,0.8937757667169434,0.9003720462543995,0.9009954751131223,0.8942986425339366,0.895686274509804,0.8968124685771747,0.8991050779286076,0.9005932629462041,0.8968526897938665,0.9008261538461539,0.8995615384615387,0.8973554550025138
cicids17,CatBoost,lime,0.4,0.951969230769231,0.9516615384615386,0.9508461538461539,0.9480307692307693,0.9508923076923077,0.9491384615384617,0.9517076923076925,0.9501076923076924,0.9513384615384616,0.9483384615384616,0.9497692307692309,0.9491692307692308,0.9509538461538463,0.947523076923077,0.9478153846153848,0.9504923076923079,0.9502153846153847,0.9492923076923078,0.948123076923077,0.9480307692307692,0.9489994972347914,0.9481950729009554,0.953443941679236,0.9534841628959275,0.9470688788335847,0.9501256913021618,0.9494218200100553,0.9507893413775768,0.9532830568124686,0.9515736551030669,0.9504030769230771,0.9491384615384616,0.9506385118149824
cicids17,CatBoost,lime,0.5,0.9745846153846155,0.9753846153846155,0.9745846153846155,0.9727076923076925,0.9745846153846155,0.9732307692307693,0.974846153846154,0.9738615384615386,0.9739846153846153,0.9722615384615385,0.9737846153846156,0.9729076923076923,0.9744923076923078,0.9713076923076924,0.9725846153846155,0.9745384615384616,0.9740000000000001,0.9735538461538463,0.9720615384615386,0.972523076923077,0.9732327802916039,0.9726495726495726,0.9766515837104073,0.9766716943187532,0.972187028657617,0.9741779788838613,0.9730718954248367,0.9749622926093515,0.9757466063348416,0.9752438411261941,0.9740030769230771,0.9731753846153847,0.9744595274007037
cicids17,CatBoost,lime,0.6,0.9810307692307694,0.9812461538461539,0.9805538461538463,0.9797384615384616,0.9804,0.9802923076923078,0.9809384615384615,0.980123076923077,0.9806307692307693,0.9797384615384616,0.9804615384615386,0.9801230769230771,0.9810769230769231,0.9792307692307692,0.9798153846153846,0.9810307692307693,0.9806923076923079,0.9799076923076924,0.9795076923076924,0.9798461538461538,0.9799296128707894,0.9791654097536451,0.9812770236299647,0.9816993464052289,0.9787430869783812,0.9803318250377073,0.9794670688788337,0.9810558069381601,0.9810558069381601,0.9809351432880846,0.9804692307692309,0.9801692307692308,0.9803660130718954
cicids17,CatBoost,lime,0.7,0.9829692307692308,0.9832923076923078,0.9829076923076924,0.9821538461538462,0.9827076923076924,0.9826153846153848,0.9828923076923077,0.9825846153846155,0.9828923076923077,0.9823076923076923,0.9825846153846155,0.9822769230769232,0.9829076923076923,0.9819846153846155,0.982446153846154,0.983123076923077,0.9827384615384616,0.982323076923077,0.9822000000000001,0.9824153846153847,0.9821618903971846,0.9816993464052287,0.9830065359477124,0.983107088989442,0.9815786827551535,0.9824233283056812,0.9819607843137256,0.9828054298642535,0.9829663147310206,0.9827652086475616,0.9827323076923079,0.9825000000000002,0.9824474610356964
cicids17,CatBoost,lime,0.8,0.9839230769230769,0.9839230769230769,0.9837846153846154,0.9835076923076924,0.9837846153846154,0.9836461538461538,0.9837846153846154,0.9835692307692308,0.9839846153846153,0.9834,0.9836000000000001,0.9835538461538463,0.9838615384615385,0.9835538461538461,0.983476923076923,0.9839230769230769,0.9836769230769231,0.9834923076923078,0.9834769230769231,0.9835538461538463,0.9831875314228256,0.982885872297637,0.9837707390648568,0.9837908496732025,0.9830668677727501,0.9833685268979387,0.9834288587229765,0.9836098541980894,0.9836902966314731,0.9838310708898944,0.9837307692307691,0.9836169230769232,0.9834630467571644
cicids17,CatBoost,lime,0.9,0.9844307692307693,0.9844153846153847,0.9843538461538462,0.9841076923076923,0.9843076923076923,0.9842461538461539,0.9843076923076923,0.9842000000000001,0.9843846153846155,0.9841538461538462,0.9842769230769232,0.9842923076923078,0.9843846153846155,0.9842307692307692,0.9842307692307692,0.9843538461538462,0.9842153846153847,0.9842615384615385,0.9842153846153847,0.9842923076923078,0.984112619406737,0.9839919557566618,0.9842936148818502,0.9842936148818502,0.9841729512317747,0.9842131724484665,0.9841729512317747,0.9842735042735042,0.9842332830568125,0.984333836098542,0.9842907692307694,0.9842753846153846,0.9842091503267977
cicids17,CatBoost,lime,1.0,0.9983538461538463,0.9980461538461538,0.9979384615384616,0.9979692307692307,0.9980307692307693,0.9978153846153845,0.9980769230769231,0.9978923076923076,0.9981846153846154,0.9979846153846154,0.9980615384615384,0.998323076923077,0.998,0.9978461538461538,0.9982000000000001,0.9982153846153846,0.9979692307692307,0.9983692307692309,0.9979384615384616,0.9979384615384616,0.99833081950729,0.9980693815987935,0.9981297134238309,0.9980693815987933,0.9980492709904475,0.9980894922071393,0.9981498240321769,0.9982101558572146,0.9981297134238309,0.9976068376068377,0.9980292307692308,0.998086153846154,0.9980834590246357
cicids17,CatBoost,shap,0.0,0.2714923076923077,0.312,0.2899846153846154,0.2994769230769231,0.2733076923076923,0.28838461538461535,0.30127692307692316,0.3250153846153846,0.2899384615384616,0.2850923076923077,0.2647538461538462,0.30793846153846155,0.2872153846153846,0.29963076923076926,0.2761538461538462,0.2901692307692308,0.3019846153846154,0.3217846153846154,0.28987692307692303,0.28496923076923075,0.34433383609854196,0.3472900955253897,0.3465460030165913,0.35300150829562593,0.3344796380090498,0.3377978883861237,0.33687280040221224,0.35390648567119154,0.3543690296631473,0.34817496229260936,0.29359692307692303,0.2924476923076923,0.3456772247360482
cicids17,CatBoost,shap,0.1,0.8504615384615386,0.835446153846154,0.8770153846153849,0.8114769230769232,0.8584153846153848,0.8511846153846155,0.9071076923076924,0.7745384615384615,0.7566923076923078,0.7942923076923077,0.8468307692307694,0.832523076923077,0.8739076923076924,0.8079076923076924,0.8537384615384617,0.8492923076923078,0.9046769230769233,0.7734461538461539,0.7548153846153847,0.7917384615384615,0.6326797385620915,0.6465560583207642,0.6310105580693817,0.6516842634489693,0.6318149824032178,0.6388536953242836,0.6358572146807442,0.6446053293112117,0.6425138260432378,0.6346505781799899,0.831663076923077,0.8288876923076925,0.6390226244343891
cicids17,CatBoost,shap,0.2,0.9346000000000001,0.9223384615384618,0.9400461538461539,0.9116307692307694,0.9360307692307693,0.9291076923076923,0.944123076923077,0.8814615384615385,0.8744769230769232,0.9114769230769232,0.933846153846154,0.9216307692307694,0.9380923076923078,0.9113230769230771,0.9347846153846154,0.928723076923077,0.9432153846153847,0.8795230769230771,0.8745692307692309,0.9118000000000002,0.7732327802916038,0.7957164404223228,0.7754650578179989,0.7963197586726999,0.7744595274007039,0.7843740573152338,0.7856812468577175,0.7847360482654602,0.7823227752639519,0.7757667169431876,0.918529230769231,0.9177507692307693,0.782807440925088
cicids17,CatBoost,shap,0.3,0.9547846153846156,0.9504615384615386,0.9596000000000001,0.9469846153846155,0.9566000000000001,0.9526769230769231,0.958923076923077,0.9257384615384617,0.9216769230769233,0.9482769230769231,0.9545538461538463,0.949123076923077,0.9576,0.9454923076923079,0.9559538461538464,0.9518615384615384,0.9574153846153847,0.9253692307692308,0.921646153846154,0.9481846153846155,0.8558873805932632,0.8716540975364506,0.8588637506284565,0.8744494720965309,0.8542785319255909,0.8647159376571143,0.863107088989442,0.865580693815988,0.8598089492207142,0.8572549019607844,0.9475723076923078,0.9467200000000002,0.8625600804424336
cicids17,CatBoost,shap,0.4,0.969,0.9618000000000002,0.9698615384615384,0.9617846153846153,0.9704307692307693,0.9654307692307693,0.9662923076923078,0.9534923076923078,0.9482000000000002,0.9564769230769232,0.9683692307692309,0.9606307692307694,0.9684769230769232,0.9604923076923076,0.9693846153846155,0.964523076923077,0.9658153846153847,0.9533846153846155,0.9474307692307693,0.9562153846153848,0.9015987933634995,0.9096229260935145,0.9067873303167423,0.9168024132730016,0.9019607843137255,0.9082352941176471,0.9104474610356965,0.9103469079939669,0.902262443438914,0.9016591251885372,0.9622769230769231,0.9614723076923077,0.9069723479135245
cicids17,CatBoost,shap,0.5,0.9768307692307693,0.970923076923077,0.9759846153846153,0.9701692307692308,0.9772461538461539,0.9752461538461539,0.9731384615384616,0.9654153846153847,0.9590769230769232,0.9640615384615386,0.9756769230769231,0.9702923076923078,0.9748307692307694,0.9694307692307693,0.9761692307692308,0.9742461538461539,0.9724153846153847,0.9650769230769232,0.9584923076923078,0.9636000000000001,0.9268979386626446,0.9336752136752138,0.9344796380090499,0.936088486676722,0.9286274509803922,0.9335143288084465,0.9389441930618402,0.9334942182001006,0.9298743086978383,0.9253092006033182,0.970809230769231,0.9700230769230769,0.9320904977375566
cicids17,CatBoost,shap,0.6,0.979846153846154,0.9783230769230771,0.9795692307692307,0.9762000000000001,0.9799538461538462,0.9795076923076924,0.9781692307692308,0.9706769230769232,0.966323076923077,0.9706307692307694,0.9791538461538462,0.9774307692307693,0.9784307692307693,0.9756000000000001,0.9789692307692309,0.9784307692307693,0.9773692307692309,0.9700615384615385,0.965846153846154,0.9705692307692309,0.9424635495223731,0.9489190548014078,0.9470688788335847,0.9494821518350931,0.9440120663650076,0.9481548516842634,0.9519155354449472,0.9479336349924585,0.9462845651080944,0.9415384615384617,0.9759200000000001,0.9751861538461538,0.9467772750125691
cicids17,CatBoost,shap,0.7,0.981523076923077,0.9812153846153847,0.9812615384615385,0.9807076923076925,0.9814307692307693,0.9811692307692308,0.9805692307692309,0.9735076923076924,0.9716307692307693,0.975446153846154,0.9812615384615385,0.9804,0.9804615384615386,0.9798307692307693,0.9809076923076924,0.9806307692307694,0.9800153846153846,0.9731076923076923,0.9712769230769231,0.9750153846153846,0.9568828557063851,0.9609451985922575,0.9579688285570638,0.9615082956259428,0.9575465057817999,0.9596782302664655,0.9595173453996984,0.9586928104575164,0.9583710407239819,0.9572046254399197,0.978846153846154,0.9782907692307694,0.958831573655103
cicids17,CatBoost,shap,0.8,0.9830153846153846,0.9827538461538463,0.9828153846153846,0.9825076923076924,0.9829076923076923,0.9824153846153847,0.982123076923077,0.9764153846153847,0.9760307692307693,0.979323076923077,0.9826461538461538,0.9826153846153848,0.982323076923077,0.9823384615384616,0.9825538461538463,0.9821384615384615,0.982123076923077,0.976523076923077,0.9763846153846155,0.979323076923077,0.9702161890397185,0.972166918049271,0.9692307692307692,0.9723278029160383,0.9709803921568628,0.9703971845148317,0.9683056812468578,0.9693112116641528,0.9691302161890397,0.969291101055807,0.9810307692307694,0.9808969230769231,0.970135746606335
cicids17,CatBoost,shap,0.9,0.9839846153846153,0.9837692307692308,0.9837692307692308,0.9836461538461538,0.9838153846153845,0.983646153846154,0.9834307692307693,0.9803384615384616,0.9806923076923079,0.982323076923077,0.9838461538461538,0.9837538461538461,0.9834,0.9836923076923079,0.9835692307692308,0.9834923076923078,0.9835384615384617,0.9805384615384617,0.9808461538461539,0.9822153846153847,0.9792056309703369,0.9797687280040223,0.978562091503268,0.9803519356460533,0.9793262946204123,0.9790849673202614,0.9773554550025139,0.9780794369029664,0.9779788838612369,0.9786827551533432,0.9829415384615384,0.9828892307692308,0.9788396178984415
cicids17,CatBoost,shap,1.0,1.0,1.0,1.0,1.0,1.0,1.0,1.0,1.0,1.0,1.0,1.0,1.0,1.0,1.0,1.0,1.0,1.0,1.0,1.0,1.0,1.0,1.0,1.0,1.0,1.0,1.0,1.0,1.0,1.0,1.0,1.0,1.0,1.0
cicids18,CatBoost,lime,0.0,0.015873015873015872,0.015873015873015872,0.015873015873015872,0.015873015873015872,0.015873015873015872,0.015873015873015872,0.015873015873015872,0.015873015873015872,0.015873015873015872,0.015873015873015872,0.015873015873015872,0.015873015873015872,0.015873015873015872,0.015873015873015872,0.015873015873015872,0.015873015873015872,0.015873015873015872,0.015873015873015872,0.015873015873015872,0.015873015873015872,0.015873015873015872,0.015873015873015872,0.015873015873015872,0.015873015873015872,0.015873015873015872,0.015873015873015872,0.015873015873015872,0.015873015873015872,0.015873015873015872,0.015873015873015872,0.015873015873015872,0.015873015873015872,0.015873015873015872
cicids18,CatBoost,lime,0.1,0.4182857142857143,0.415015873015873,0.4202698412698412,0.4161269841269841,0.41923809523809524,0.41893650793650794,0.4191428571428571,0.41095238095238096,0.41738095238095235,0.41474603174603175,0.4179206349206349,0.4176349206349206,0.4148095238095238,0.41539682539682543,0.4117619047619047,0.41466666666666663,0.41666666666666663,0.4155238095238095,0.41819047619047617,0.41423809523809524,0.4221428571428571,0.4212222222222222,0.421,0.4243174603174603,0.4153968253968254,0.4225555555555555,0.4212380952380952,0.4202380952380952,0.4158412698412699,0.42044444444444445,0.4170095238095238,0.4156809523809524,0.42043968253968245
cicids18,CatBoost,lime,0.2,0.6894603174603173,0.6861746031746031,0.6928253968253969,0.6893650793650793,0.6924285714285714,0.6925079365079364,0.687047619047619,0.6824285714285714,0.6894444444444443,0.6868888888888889,0.6912222222222222,0.6892857142857142,0.6838412698412698,0.6874444444444443,0.6837460317460317,0.686031746031746,0.6894603174603173,0.6847619047619047,0.69,0.6861269841269841,0.6964126984126984,0.689936507936508,0.6925079365079364,0.698047619047619,0.6874126984126984,0.6943809523809523,0.6918571428571427,0.6907936507936507,0.6886507936507936,0.690047619047619,0.6888571428571428,0.6871920634920634,0.692004761904762
cicids18,CatBoost,lime,0.3,0.8368888888888889,0.8351111111111112,0.8357301587301588,0.8370476190476192,0.8390317460317462,0.8390158730158731,0.8353333333333335,0.8315396825396827,0.8376507936507938,0.8342539682539685,0.8380158730158731,0.8351428571428572,0.8344444444444445,0.8365873015873017,0.8323174603174605,0.833809523809524,0.8371111111111114,0.8330793650793653,0.8385079365079366,0.8333809523809526,0.8419523809523811,0.8364126984126985,0.840031746031746,0.841920634920635,0.8355238095238097,0.8396190476190477,0.8382063492063493,0.8375555555555556,0.8360634920634922,0.838952380952381,0.8361603174603175,0.8352396825396827,0.8386238095238097
cicids18,CatBoost,lime,0.4,0.9067142857142859,0.9054603174603176,0.9057619047619048,0.9067142857142859,0.9071269841269843,0.9083015873015875,0.9062063492063493,0.9027142857142859,0.9061587301587304,0.9035238095238096,0.9070793650793653,0.9055238095238096,0.9053015873015875,0.9066031746031747,0.9034761904761905,0.9040317460317463,0.9052698412698414,0.9042857142857145,0.9064920634920636,0.9046507936507937,0.9103968253968255,0.9077301587301588,0.9085079365079366,0.9086666666666667,0.9062857142857145,0.907746031746032,0.9064761904761907,0.9074920634920636,0.9059841269841272,0.9068730158730162,0.9058682539682541,0.9052714285714286,0.9076158730158731
cicids18,CatBoost,lime,0.5,0.9391746031746032,0.937857142857143,0.9374920634920636,0.9393809523809525,0.9400793650793652,0.9401746031746032,0.9390158730158731,0.9371428571428574,0.9380317460317461,0.9372539682539683,0.9390952380952383,0.93784126984127,0.9377460317460318,0.9396666666666668,0.9367777777777779,0.9368888888888889,0.9384603174603176,0.9364920634920636,0.9387777777777778,0.9380317460317461,0.9413492063492064,0.9397142857142857,0.9395396825396827,0.9409365079365081,0.9393650793650795,0.9388571428571428,0.9387301587301587,0.9402857142857143,0.9390952380952382,0.9394920634920636,0.9385603174603177,0.9379777777777779,0.9397365079365081
cicids18,CatBoost,lime,0.6,0.9558095238095239,0.9556190476190477,0.9556507936507938,0.955047619047619,0.9560634920634921,0.9567142857142857,0.9556825396825397,0.9547142857142857,0.9554126984126985,0.9550952380952381,0.9561587301587301,0.9550952380952381,0.9561111111111112,0.9563015873015873,0.9553174603174603,0.9545714285714286,0.9555714285714285,0.9540793650793651,0.9556507936507938,0.9553650793650794,0.9571111111111112,0.9556031746031747,0.9561904761904761,0.9568253968253969,0.9552698412698413,0.9556031746031747,0.9554920634920635,0.9558888888888889,0.9557142857142857,0.9555079365079366,0.9555809523809524,0.9554222222222222,0.9559206349206351
cicids18,CatBoost,lime,0.7,0.9663968253968253,0.9657936507936509,0.9661904761904762,0.9658412698412698,0.9663015873015873,0.9668571428571429,0.9658095238095239,0.9655873015873017,0.9666984126984127,0.965952380952381,0.9658888888888889,0.9653650793650794,0.966031746031746,0.9660634920634921,0.9663174603174602,0.9654603174603175,0.966111111111111,0.9646825396825396,0.9663333333333334,0.9661269841269841,0.9666984126984127,0.965936507936508,0.9665555555555555,0.966984126984127,0.9661269841269841,0.9659047619047619,0.9655079365079365,0.9663809523809523,0.966015873015873,0.9662222222222222,0.9661428571428571,0.9658380952380952,0.9662333333333335
cicids18,CatBoost,lime,0.8,0.9739206349206349,0.9736507936507938,0.9740634920634921,0.974015873015873,0.9739047619047619,0.9742539682539682,0.9736031746031746,0.9735238095238096,0.9743333333333333,0.9738888888888889,0.9743492063492063,0.9733968253968253,0.9736507936507938,0.9738730158730159,0.974047619047619,0.9734761904761905,0.974015873015873,0.9724126984126984,0.9737619047619048,0.974111111111111,0.9742857142857142,0.9738730158730159,0.9741428571428571,0.9746825396825397,0.9736825396825397,0.9735396825396825,0.9736984126984126,0.9738571428571429,0.9739682539682539,0.9736666666666668,0.973915873015873,0.9737095238095236,0.9739396825396825
cicids18,CatBoost,lime,0.9,0.9793968253968253,0.9793492063492063,0.9796825396825397,0.979984126984127,0.9792698412698412,0.980111111111111,0.9794603174603175,0.9795079365079364,0.9799206349206349,0.9796349206349205,0.9798888888888889,0.9796349206349205,0.9796666666666665,0.9795714285714285,0.9796190476190477,0.9795396825396825,0.9795873015873016,0.979111111111111,0.9797460317460317,0.9798253968253968,0.9797460317460318,0.9798888888888888,0.979984126984127,0.980111111111111,0.9800793650793651,0.9798412698412698,0.9801746031746031,0.9797301587301588,0.9795873015873016,0.9796349206349206,0.9796317460317459,0.9796190476190476,0.9798777777777777
cicids18,CatBoost,lime,1.0,0.9978571428571429,0.997920634920635,0.9981904761904762,0.997984126984127,0.9981111111111111,0.9978888888888889,0.9981904761904762,0.9983333333333333,0.9978253968253968,0.997968253968254,0.9982380952380951,0.9976349206349207,0.9978888888888889,0.9979365079365079,0.9981428571428571,0.9981428571428571,0.9978888888888889,0.9983015873015872,0.9983174603174603,0.997904761904762,0.9978888888888889,0.998095238095238,0.9978730158730159,0.9978888888888889,0.998015873015873,0.998,0.998,0.998079365079365,0.9981111111111111,0.998015873015873,0.9980269841269843,0.9980396825396826,0.9979968253968254
cicids18,CatBoost,shap,0.0,0.26709523809523805,0.3052698412698412,0.2863968253968254,0.2967619047619048,0.30653968253968256,0.30344444444444446,0.283968253968254,0.297015873015873,0.3012539682539683,0.31317460317460316,0.26368253968253963,0.30269841269841263,0.28346031746031747,0.2908888888888889,0.3017936507936507,0.2984126984126984,0.27704761904761904,0.290984126984127,0.3005079365079365,0.30057142857142854,0.3306190476190476,0.3677460317460317,0.36888888888888893,0.3584920634920635,0.3712222222222222,0.3476984126984127,0.33560317460317457,0.3565238095238095,0.3657777777777777,0.36561904761904757,0.29609206349206346,0.29100476190476193,0.35681904761904754
cicids18,CatBoost,shap,0.1,0.8291111111111111,0.832968253968254,0.7914126984126985,0.8481269841269843,0.8368571428571429,0.8295555555555556,0.8194603174603176,0.8624761904761906,0.8243968253968255,0.8549523809523811,0.8294285714285715,0.8318412698412698,0.7871746031746032,0.8479682539682539,0.8371904761904763,0.8281587301587302,0.8176825396825398,0.8628412698412699,0.8202539682539683,0.8546507936507938,0.8147460317460318,0.8307619047619048,0.8085396825396827,0.8359523809523811,0.8256825396825398,0.8118253968253969,0.8046666666666668,0.8443809523809526,0.8180793650793651,0.8359047619047619,0.8329317460317462,0.8317190476190477,0.8230539682539684
cicids18,CatBoost,shap,0.2,0.9158888888888889,0.9203015873015875,0.8920793650793651,0.9311746031746032,0.9209523809523812,0.9116825396825399,0.9084603174603176,0.9335555555555557,0.9165714285714287,0.9301111111111112,0.9170793650793653,0.9211111111111113,0.889873015873016,0.9318253968253969,0.9216825396825399,0.9119682539682542,0.907761904761905,0.9351428571428573,0.9148253968253971,0.9307619047619049,0.9027619047619048,0.9095396825396826,0.9026349206349207,0.9136507936507937,0.9095079365079366,0.8973492063492065,0.8929206349206351,0.9153492063492065,0.9031587301587304,0.9155238095238096,0.9180777777777779,0.9182031746031749,0.9062396825396826
cicids18,CatBoost,shap,0.3,0.9402539682539685,0.9473809523809525,0.9358888888888889,0.9495238095238097,0.9455238095238097,0.9404285714285716,0.9415555555555557,0.9498095238095239,0.948936507936508,0.9530634920634922,0.9406666666666668,0.9480158730158731,0.9343809523809525,0.9498253968253969,0.9459206349206349,0.9421111111111113,0.9426825396825398,0.9505555555555557,0.9487777777777778,0.9537460317460318,0.9354444444444445,0.9432539682539683,0.9385079365079366,0.9440158730158731,0.9393333333333335,0.9331746031746033,0.932873015873016,0.941968253968254,0.9417301587301589,0.9427301587301588,0.945236507936508,0.9456682539682542,0.9393031746031747
cicids18,CatBoost,shap,0.4,0.9526349206349207,0.9604920634920635,0.9511269841269843,0.9604761904761905,0.9580952380952381,0.955920634920635,0.9596507936507938,0.9592222222222223,0.9615079365079365,0.9653968253968255,0.953968253968254,0.9613809523809526,0.9512539682539684,0.9611746031746031,0.9585555555555556,0.9572222222222223,0.9600634920634922,0.9597301587301588,0.9614444444444444,0.9666984126984127,0.9529841269841272,0.9577460317460318,0.9496507936507937,0.9568888888888889,0.9561111111111111,0.9539841269841269,0.9554285714285714,0.9568412698412698,0.9582539682539682,0.958936507936508,0.9584523809523808,0.9591492063492065,0.9556825396825397
cicids18,CatBoost,shap,0.5,0.9621587301587301,0.9674285714285713,0.9597460317460318,0.9681587301587301,0.9668412698412698,0.964968253968254,0.9673809523809525,0.9695714285714286,0.9684285714285714,0.9709047619047619,0.9626031746031747,0.9678888888888889,0.9598095238095239,0.9692222222222222,0.9680793650793651,0.9658888888888889,0.9677936507936509,0.9703015873015873,0.968952380952381,0.9716031746031746,0.9598412698412698,0.962936507936508,0.959047619047619,0.9631746031746031,0.9622698412698413,0.9623968253968255,0.9636349206349207,0.9647460317460318,0.9643015873015873,0.9645555555555555,0.9665587301587302,0.9672142857142859,0.9626904761904763
cicids18,CatBoost,shap,0.6,0.9706031746031747,0.9723968253968253,0.9681904761904762,0.9735714285714285,0.9718571428571429,0.9712380952380952,0.9725873015873017,0.9756031746031746,0.9748412698412698,0.9742380952380952,0.9718571428571429,0.9725555555555554,0.9671587301587301,0.9743174603174602,0.9726031746031746,0.9718412698412697,0.9728412698412698,0.976031746031746,0.9746825396825397,0.9745079365079365,0.966,0.967015873015873,0.9653174603174602,0.9689047619047619,0.9668253968253968,0.9672222222222222,0.9678888888888889,0.9691746031746031,0.9703650793650794,0.9684285714285714,0.9725126984126982,0.9728396825396827,0.9677142857142857
cicids18,CatBoost,shap,0.7,0.9780952380952381,0.9754285714285713,0.9738730158730159,0.9787619047619048,0.9763174603174603,0.975015873015873,0.9772698412698412,0.9804444444444443,0.9802698412698412,0.9775238095238096,0.9787142857142856,0.975111111111111,0.9722698412698412,0.9796507936507937,0.9765079365079365,0.9751746031746031,0.9775555555555554,0.9810952380952379,0.9798730158730159,0.9778571428571429,0.972031746031746,0.9707301587301587,0.972920634920635,0.973952380952381,0.9713809523809523,0.9704285714285714,0.9724285714285714,0.9737460317460317,0.9748730158730159,0.9723968253968254,0.9773,0.9773809523809522,0.9724888888888887
cicids18,CatBoost,shap,0.8,0.981031746031746,0.9783809523809522,0.9788095238095237,0.9823174603174603,0.980920634920635,0.9771428571428571,0.9815714285714284,0.9824126984126983,0.9823492063492063,0.9811428571428571,0.9813650793650793,0.9785238095238096,0.9775873015873016,0.9827936507936508,0.9814603174603174,0.9773015873015872,0.9811904761904762,0.9824761904761905,0.9824126984126983,0.9813809523809522,0.9750952380952381,0.9761587301587301,0.9792539682539682,0.9792222222222222,0.9776825396825396,0.9741904761904763,0.9784761904761905,0.9766507936507937,0.9778253968253967,0.9776825396825396,0.9806079365079364,0.9806492063492064,0.9772238095238095
cicids18,CatBoost,shap,0.9,0.983015873015873,0.9818412698412697,0.981904761904762,0.9835238095238094,0.9832698412698412,0.9796031746031746,0.9832222222222222,0.9836031746031745,0.9834761904761904,0.9835873015873015,0.983095238095238,0.9816825396825396,0.9815555555555554,0.9835714285714284,0.9833492063492063,0.9796666666666666,0.9832380952380951,0.9836031746031745,0.9833968253968253,0.9835714285714284,0.9820634920634921,0.9819682539682539,0.9822857142857142,0.9828888888888889,0.9826190476190476,0.9804126984126983,0.9830793650793651,0.9824603174603174,0.9832063492063492,0.9824761904761904,0.9827047619047617,0.9826730158730157,0.9823460317460316
cicids18,CatBoost,shap,1.0,1.0,1.0,1.0,1.0,1.0,1.0,1.0,1.0,1.0,1.0,1.0,1.0,1.0,1.0,1.0,1.0,1.0,1.0,1.0,1.0,1.0,1.0,1.0,1.0,1.0,1.0,1.0,1.0,1.0,1.0,1.0,1.0,1.0
cicids17,RandomForest,lime,0.0,0.015384615384615387,0.015384615384615387,0.015384615384615387,0.015384615384615387,0.015384615384615387,0.015384615384615387,0.015384615384615387,0.015384615384615387,0.015384615384615387,0.015384615384615387,0.015384615384615387,0.015384615384615387,0.015384615384615387,0.015384615384615387,0.015384615384615387,0.015384615384615387,0.015384615384615387,0.015384615384615387,0.015384615384615387,0.015384615384615387,0.015384615384615387,0.015384615384615387,0.015384615384615387,0.015384615384615387,0.015384615384615387,0.015384615384615387,0.015384615384615387,0.015384615384615387,0.015384615384615387,0.015384615384615387,0.015384615384615389,0.015384615384615389,0.015384615384615389
cicids17,RandomForest,lime,0.1,0.7430923076923077,0.7443846153846153,0.743646153846154,0.7434153846153846,0.7446153846153847,0.7450769230769231,0.7441384615384615,0.7441538461538462,0.7423076923076923,0.7436000000000001,0.7433384615384616,0.745446153846154,0.7444000000000001,0.7441538461538462,0.7442307692307693,0.7441538461538462,0.7452461538461539,0.7445846153846155,0.7442923076923078,0.7427230769230769,0.7429384615384615,0.7421846153846154,0.7426153846153848,0.7424461538461539,0.7425538461538461,0.7424307692307693,0.7412615384615385,0.7418615384615386,0.7428769230769231,0.7410923076923077,0.7438430769230769,0.7442569230769231,0.7422261538461539
cicids17,RandomForest,lime,0.2,0.9498923076923077,0.9503846153846155,0.9501538461538462,0.9501538461538462,0.9500923076923077,0.9502461538461539,0.9499846153846154,0.9501076923076923,0.9496769230769232,0.9502461538461539,0.9498769230769232,0.9499846153846154,0.9498769230769232,0.9504923076923076,0.9504307692307693,0.9502,0.9498769230769232,0.950323076923077,0.9501076923076923,0.9497384615384616,0.9488461538461539,0.9492307692307693,0.9494615384615386,0.9491384615384616,0.9488923076923078,0.9489692307692309,0.9490923076923077,0.9493384615384616,0.9494153846153845,0.9494000000000001,0.9500938461538461,0.9500907692307692,0.9491784615384617
cicids17,RandomForest,lime,0.3,0.9713384615384616,0.9712769230769231,0.9711692307692308,0.9711076923076923,0.971123076923077,0.9713076923076924,0.9711538461538461,0.9712769230769231,0.9712615384615385,0.9710923076923077,0.9711076923076923,0.9710000000000001,0.9710461538461539,0.9710923076923077,0.9710307692307694,0.9707230769230771,0.971123076923077,0.9709692307692309,0.9712307692307692,0.9710923076923077,0.9702615384615385,0.9697692307692307,0.9702153846153847,0.9701538461538461,0.9700307692307693,0.9701846153846154,0.9703538461538462,0.9702461538461539,0.9703692307692309,0.9699846153846153,0.9712107692307692,0.9710415384615386,0.970156923076923
cicids17,RandomForest,lime,0.4,0.9843846153846155,0.9843692307692309,0.984323076923077,0.9843692307692309,0.9843846153846155,0.9843692307692309,0.9843692307692309,0.9843692307692309,0.9843846153846155,0.9844,0.9842307692307692,0.9842615384615385,0.9842769230769232,0.9842615384615385,0.9842461538461539,0.9842615384615385,0.9842307692307692,0.9842615384615385,0.9842615384615385,0.9842461538461539,0.9843384615384616,0.9842461538461539,0.9842769230769232,0.9842923076923078,0.9843076923076923,0.984323076923077,0.9842769230769232,0.984323076923077,0.9842769230769232,0.984323076923077,0.9843723076923077,0.9842538461538461,0.9842984615384616
cicids17,RandomForest,lime,0.5,0.984446153846154,0.9844615384615386,0.9844769230769231,0.9844307692307693,0.9844769230769231,0.984446153846154,0.9844615384615386,0.984446153846154,0.984446153846154,0.9844615384615386,0.9843538461538462,0.9843384615384616,0.984323076923077,0.9843384615384616,0.9843538461538462,0.9843538461538462,0.9843538461538462,0.984323076923077,0.9843384615384616,0.9843384615384616,0.9844,0.9844,0.9844,0.9843846153846155,0.9843846153846155,0.9844,0.9844,0.9844,0.9844,0.9843846153846155,0.9844553846153847,0.9843415384615385,0.9843953846153847
cicids17,RandomForest,lime,0.6,0.9845230769230771,0.9845076923076924,0.9845230769230771,0.9845230769230771,0.9845230769230771,0.9845384615384617,0.9845384615384617,0.9845230769230771,0.9845230769230771,0.9845384615384617,0.9843692307692309,0.9843846153846155,0.9843846153846155,0.9843692307692309,0.9843846153846155,0.9843846153846155,0.9844,0.9843692307692309,0.9843692307692309,0.9843692307692309,0.9844307692307693,0.9844307692307693,0.9844307692307693,0.9844307692307693,0.9844307692307693,0.9844307692307693,0.9844307692307693,0.9844307692307693,0.9844307692307693,0.9844307692307693,0.9845261538461539,0.9843784615384615,0.9844307692307692
cicids17,RandomForest,lime,0.7,0.9845538461538463,0.9845538461538463,0.9845384615384617,0.9845538461538463,0.9845538461538463,0.9845384615384617,0.9845538461538463,0.9845538461538463,0.9845538461538463,0.9845538461538463,0.9844307692307693,0.9844307692307693,0.9844307692307693,0.984446153846154,0.9844307692307693,0.9844307692307693,0.9844307692307693,0.9844307692307693,0.9844307692307693,0.9844307692307693,0.9844769230769231,0.9844769230769231,0.9845230769230771,0.9845076923076924,0.9844923076923078,0.9844769230769231,0.9844769230769231,0.9844769230769231,0.9844615384615386,0.9844923076923078,0.9845507692307693,0.9844323076923078,0.984486153846154
cicids17,RandomForest,lime,0.8,0.9846000000000001,0.9846000000000001,0.9845846153846155,0.9846000000000001,0.9845846153846155,0.9845846153846155,0.9845846153846155,0.9846000000000001,0.9846000000000001,0.9846000000000001,0.9844769230769231,0.9844769230769231,0.9844769230769231,0.9844769230769231,0.9844615384615386,0.9844615384615386,0.9844769230769231,0.9844769230769231,0.9844615384615386,0.9844769230769231,0.9845846153846155,0.9846153846153848,0.9845846153846155,0.9846153846153848,0.9846000000000001,0.9846000000000001,0.9845846153846155,0.9846000000000001,0.9845846153846155,0.9846153846153848,0.9845938461538463,0.9844723076923078,0.9845984615384618
cicids17,RandomForest,lime,0.9,0.9846153846153848,0.9846153846153848,0.9846000000000001,0.9846153846153848,0.9846000000000001,0.9846000000000001,0.9846153846153848,0.9846000000000001,0.9846153846153848,0.9846153846153848,0.9845384615384617,0.9845076923076924,0.9845384615384617,0.9845384615384617,0.9845384615384617,0.9845384615384617,0.9845230769230771,0.9845384615384617,0.9845384615384617,0.9845384615384617,0.9846153846153848,0.9846153846153848,0.9846153846153848,0.9846153846153848,0.9846153846153848,0.9846153846153848,0.9846153846153848,0.9846153846153848,0.9846153846153848,0.9846153846153848,0.9846092307692309,0.9845338461538462,0.9846153846153849
cicids17,RandomForest,lime,1.0,0.9977846153846154,0.9978615384615385,0.9979384615384616,0.9980923076923077,0.9980615384615384,0.9978307692307692,0.998,0.998123076923077,0.9978615384615385,0.9980307692307693,0.9980923076923077,0.9981538461538462,0.9977230769230769,0.9982153846153846,0.998,0.9983692307692309,0.998,0.9980615384615384,0.9978153846153845,0.9978461538461538,0.9981846153846154,0.9979538461538462,0.9978615384615385,0.9979230769230769,0.9980923076923077,0.9979076923076923,0.9981692307692308,0.9981846153846154,0.9983076923076923,0.9978461538461538,0.9979584615384617,0.9980276923076923,0.998043076923077
cicids17,RandomForest,shap,0.0,0.15663076923076924,0.16815384615384613,0.16398461538461537,0.16398461538461537,0.17193846153846154,0.1598,0.15744615384615385,0.16369230769230772,0.17673846153846154,0.1878923076923077,0.1556923076923077,0.1645076923076923,0.1622923076923077,0.16272307692307691,0.1664,0.1562769230769231,0.1552,0.1592923076923077,0.17472307692307693,0.18376923076923077,0.22832307692307693,0.22089230769230772,0.22475384615384617,0.22860000000000003,0.23310769230769232,0.2349692307692308,0.22075384615384616,0.24115384615384616,0.23833846153846155,0.23440000000000003,0.16702615384615385,0.16408769230769232,0.23052923076923076
cicids17,RandomForest,shap,0.1,0.6618307692307692,0.640476923076923,0.6646615384615384,0.661323076923077,0.678676923076923,0.650876923076923,0.6678153846153847,0.6548461538461539,0.6880307692307692,0.6887384615384615,0.6628923076923077,0.639953846153846,0.6684307692307692,0.6608153846153846,0.6821076923076923,0.652323076923077,0.6702307692307693,0.657723076923077,0.6913692307692308,0.6906615384615385,0.6403846153846152,0.6375692307692307,0.6612307692307692,0.6496615384615383,0.6484923076923076,0.6327692307692308,0.6436307692307692,0.6441846153846155,0.6630923076923076,0.6484461538461538,0.6657276923076922,0.6676507692307692,0.6469461538461537
cicids17,RandomForest,shap,0.2,0.8182769230769231,0.8031384615384616,0.8190923076923078,0.8204615384615386,0.819046153846154,0.8061846153846155,0.8116615384615387,0.8155692307692309,0.8319384615384617,0.8278769230769233,0.819123076923077,0.8037384615384617,0.8204769230769232,0.8205076923076924,0.8202153846153847,0.807246153846154,0.8129076923076926,0.8180923076923077,0.8322769230769231,0.8302769230769232,0.7926769230769233,0.7819846153846154,0.7990461538461539,0.7854153846153847,0.7888615384615385,0.7830769230769231,0.7923846153846155,0.7839538461538462,0.7925538461538463,0.7834153846153847,0.8173246153846154,0.818486153846154,0.7883369230769232
cicids17,RandomForest,shap,0.3,0.8835076923076924,0.8729538461538464,0.8845076923076926,0.8805230769230771,0.8812461538461541,0.8750153846153849,0.8803384615384616,0.8793846153846154,0.8889076923076925,0.887246153846154,0.8847846153846156,0.8738615384615387,0.8858923076923079,0.8815230769230771,0.8838461538461541,0.8785230769230771,0.8813384615384617,0.8817384615384617,0.8908153846153848,0.8888769230769232,0.8705230769230772,0.8547384615384617,0.8751538461538462,0.8615076923076924,0.8628461538461539,0.8559230769230771,0.8673692307692309,0.8600923076923078,0.869246153846154,0.8583384615384616,0.8813630769230771,0.8831200000000002,0.8635738461538462
cicids17,RandomForest,shap,0.4,0.9183692307692308,0.9132615384615387,0.9204615384615386,0.9176307692307694,0.9196000000000001,0.9165692307692309,0.9188923076923079,0.9171230769230772,0.9204461538461539,0.9217692307692309,0.9196000000000001,0.9143846153846156,0.9219538461538462,0.9188461538461541,0.9217384615384617,0.9181846153846155,0.9204307692307693,0.9187230769230771,0.9221076923076923,0.9242153846153849,0.8995846153846155,0.8974461538461539,0.9055846153846155,0.8943692307692308,0.8995384615384616,0.8993692307692308,0.9042153846153848,0.8954769230769233,0.9015692307692309,0.8995538461538463,0.9184123076923077,0.9200184615384617,0.8996707692307695
cicids17,RandomForest,shap,0.5,0.9425076923076924,0.9390307692307693,0.9440461538461539,0.9390307692307693,0.9413384615384616,0.9412000000000001,0.9434000000000001,0.9397076923076925,0.9418153846153846,0.9429538461538463,0.943323076923077,0.9402615384615385,0.9442615384615385,0.9402307692307693,0.9433538461538462,0.9426000000000001,0.9450461538461541,0.941246153846154,0.942523076923077,0.944123076923077,0.926123076923077,0.9239846153846155,0.9318615384615386,0.9197076923076924,0.926169230769231,0.9306923076923078,0.9337538461538464,0.9226000000000001,0.9245538461538463,0.9285692307692309,0.9415030769230771,0.9426969230769233,0.9268015384615385
cicids17,RandomForest,shap,0.6,0.9590307692307692,0.9598153846153848,0.9601692307692308,0.9558307692307693,0.9592769230769231,0.958723076923077,0.9632153846153848,0.9564615384615385,0.9585538461538463,0.9610000000000001,0.959923076923077,0.9602769230769231,0.9614000000000001,0.9566307692307693,0.9602769230769231,0.9592615384615385,0.9642153846153847,0.9571538461538462,0.9586153846153848,0.9615846153846155,0.9476769230769232,0.9530923076923078,0.9529076923076925,0.9390000000000002,0.9470153846153848,0.9573538461538462,0.9567076923076924,0.9473538461538462,0.9430615384615386,0.9503846153846155,0.9592076923076924,0.9599338461538462,0.9494553846153847
cicids17,RandomForest,shap,0.7,0.971723076923077,0.9709846153846154,0.9724923076923077,0.9686307692307694,0.9711846153846154,0.9706615384615385,0.9730923076923078,0.9680769230769232,0.9706769230769232,0.9725384615384617,0.9720615384615384,0.9715076923076924,0.9732923076923078,0.9692307692307692,0.9725846153846155,0.9711076923076923,0.9737538461538463,0.968646153846154,0.9708615384615386,0.9731384615384616,0.964123076923077,0.9680307692307693,0.9667230769230771,0.9572769230769231,0.9655692307692307,0.9714769230769232,0.9688615384615386,0.9650153846153846,0.959046153846154,0.9641538461538461,0.9710061538461539,0.9716184615384614,0.9650276923076924
cicids17,RandomForest,shap,0.8,0.9787384615384614,0.9773538461538462,0.9792461538461539,0.9768000000000001,0.9774,0.9780923076923078,0.9781692307692308,0.9770307692307693,0.9777384615384616,0.9778461538461539,0.9790615384615384,0.9777846153846154,0.9793076923076923,0.9769230769230769,0.978323076923077,0.9783384615384616,0.9788923076923076,0.9775384615384617,0.9774923076923078,0.9785692307692309,0.9735692307692309,0.9738615384615386,0.9777384615384616,0.9704769230769232,0.9741076923076923,0.9744769230769232,0.9771538461538462,0.9726153846153847,0.9709076923076924,0.9729692307692308,0.9778415384615384,0.978223076923077,0.9737876923076924
cicids17,RandomForest,shap,0.9,0.9820769230769231,0.9815692307692309,0.9824153846153847,0.9816923076923079,0.9814615384615386,0.9817692307692308,0.9816923076923079,0.9813846153846154,0.9814615384615385,0.9816153846153847,0.9823846153846155,0.9819846153846153,0.9823076923076923,0.9818769230769232,0.9816769230769232,0.9823076923076923,0.9819384615384615,0.9816615384615385,0.9816153846153847,0.9818153846153846,0.9788000000000002,0.9783692307692309,0.983646153846154,0.9781692307692308,0.9789692307692308,0.9784153846153847,0.9829384615384615,0.9797076923076924,0.977046153846154,0.981523076923077,0.9817138461538463,0.9819569230769231,0.9797584615384617
cicids17,RandomForest,shap,1.0,1.0,1.0,1.0,1.0,1.0,1.0,1.0,1.0,1.0,1.0,1.0,1.0,1.0,1.0,1.0,1.0,1.0,1.0,1.0,1.0,1.0,1.0,1.0,1.0,1.0,1.0,1.0,1.0,1.0,1.0,1.0,1.0,1.0
cicids18,RandomForest,lime,0.0,0.015873015873015872,0.015873015873015872,0.015873015873015872,0.015873015873015872,0.015873015873015872,0.015873015873015872,0.015873015873015872,0.015873015873015872,0.015873015873015872,0.015873015873015872,0.015873015873015872,0.015873015873015872,0.015873015873015872,0.015873015873015872,0.015873015873015872,0.015873015873015872,0.015873015873015872,0.015873015873015872,0.015873015873015872,0.015873015873015872,0.015873015873015872,0.015873015873015872,0.015873015873015872,0.015873015873015872,0.015873015873015872,0.015873015873015872,0.015873015873015872,0.015873015873015872,0.015873015873015872,0.015873015873015872,0.015873015873015872,0.015873015873015872,0.015873015873015872
cicids18,RandomForest,lime,0.1,0.6315238095238094,0.6336984126984125,0.6335873015873015,0.6322539682539682,0.6292222222222221,0.6306507936507936,0.6308888888888888,0.6303968253968253,0.6314603174603174,0.6318095238095237,0.629904761904762,0.6304285714285713,0.6317460317460316,0.6293333333333332,0.6295873015873015,0.6309365079365079,0.6306349206349204,0.629968253968254,0.6319999999999999,0.6314126984126983,0.633126984126984,0.6332857142857142,0.6338412698412696,0.6336825396825395,0.635063492063492,0.6344920634920633,0.6327142857142857,0.6334920634920633,0.6352063492063491,0.6332539682539681,0.6315492063492062,0.6305952380952381,0.6338158730158729
cicids18,RandomForest,lime,0.2,0.8273968253968256,0.8274285714285715,0.8270476190476191,0.8261904761904764,0.8259841269841273,0.8270793650793653,0.8273650793650795,0.8263333333333335,0.8271904761904764,0.8265714285714286,0.8263333333333335,0.8265396825396827,0.8239682539682542,0.8251746031746033,0.8246507936507937,0.8259523809523812,0.8244920634920636,0.8253492063492065,0.8259682539682542,0.8240000000000002,0.8277619047619049,0.8270793650793653,0.825793650793651,0.8277142857142857,0.8274444444444445,0.8273015873015874,0.8274920634920636,0.8280952380952383,0.826761904761905,0.8266031746031748,0.8268587301587302,0.8252428571428572,0.8272047619047619
cicids18,RandomForest,lime,0.3,0.9236666666666669,0.9243333333333335,0.9235714285714287,0.9232063492063494,0.9235873015873017,0.9232698412698415,0.9232539682539684,0.9236666666666669,0.9238730158730162,0.9239841269841271,0.9242857142857145,0.9232539682539684,0.9238571428571432,0.9243174603174604,0.9243968253968255,0.9244920634920636,0.9231428571428574,0.9243968253968255,0.9241904761904763,0.9242539682539684,0.9225238095238096,0.9227142857142858,0.9223809523809525,0.9234920634920636,0.9234761904761907,0.922825396825397,0.9230158730158733,0.922904761904762,0.9233015873015875,0.9231111111111113,0.9236412698412699,0.9240587301587302,0.9229746031746033
cicids18,RandomForest,lime,0.4,0.958047619047619,0.9572380952380954,0.9578730158730159,0.9568571428571429,0.9564920634920635,0.9573492063492065,0.9571904761904763,0.9566984126984127,0.9575079365079365,0.9573968253968255,0.9572698412698412,0.9577777777777778,0.9577777777777778,0.9574126984126985,0.9570476190476191,0.9571904761904761,0.9578888888888889,0.9592857142857143,0.9572222222222222,0.9568730158730159,0.9568571428571429,0.9570793650793651,0.956047619047619,0.9577619047619048,0.9571587301587301,0.9573650793650795,0.9563015873015872,0.9567619047619048,0.9572857142857143,0.9567619047619048,0.9572650793650794,0.9575746031746032,0.9569380952380951
cicids18,RandomForest,lime,0.5,0.9835079365079364,0.9833650793650793,0.9833809523809522,0.9834444444444443,0.9833174603174603,0.9834920634920634,0.9834285714285713,0.9833968253968253,0.9833492063492063,0.9834761904761904,0.9834920634920634,0.9836349206349205,0.9836507936507936,0.9834920634920634,0.9835555555555554,0.9836031746031745,0.9833809523809522,0.9833174603174603,0.9835714285714284,0.9834444444444443,0.9829682539682539,0.9831587301587301,0.9829523809523809,0.9831587301587301,0.983111111111111,0.9828412698412697,0.983095238095238,0.983031746031746,0.982984126984127,0.9831746031746031,0.9834158730158731,0.9835142857142856,0.9830476190476191
cicids18,RandomForest,lime,0.6,0.984031746031746,0.984031746031746,0.984031746031746,0.984031746031746,0.984015873015873,0.984031746031746,0.984015873015873,0.984031746031746,0.984031746031746,0.984031746031746,0.984111111111111,0.984111111111111,0.984111111111111,0.984111111111111,0.984111111111111,0.984111111111111,0.984111111111111,0.984111111111111,0.984111111111111,0.984111111111111,0.9838888888888888,0.9839206349206349,0.9838730158730158,0.9839365079365079,0.9839047619047618,0.9839206349206349,0.9838730158730158,0.9838730158730158,0.9839047619047618,0.9839047619047618,0.9840285714285715,0.9841111111111112,0.9839
cicids18,RandomForest,lime,0.7,0.9840634920634921,0.9840634920634921,0.9840634920634921,0.9840634920634921,0.9840634920634921,0.9840634920634921,0.9840634920634921,0.9840634920634921,0.9840634920634921,0.9840634920634921,0.984111111111111,0.984111111111111,0.984111111111111,0.984111111111111,0.984111111111111,0.984111111111111,0.984111111111111,0.984111111111111,0.984111111111111,0.984111111111111,0.9840317460317459,0.9840476190476191,0.9840476190476191,0.9840476190476191,0.9840476190476191,0.9840476190476191,0.984031746031746,0.9840476190476191,0.9840476190476191,0.9840476190476191,0.9840634920634919,0.9841111111111112,0.9840444444444444
cicids18,RandomForest,lime,0.8,0.9840793650793651,0.9840793650793651,0.9840793650793651,0.9840793650793651,0.9840793650793651,0.9840793650793651,0.9840793650793651,0.9840793650793651,0.9840793650793651,0.9840793650793651,0.984111111111111,0.984111111111111,0.984111111111111,0.984111111111111,0.984111111111111,0.984111111111111,0.984111111111111,0.984111111111111,0.984111111111111,0.984111111111111,0.984111111111111,0.984111111111111,0.984111111111111,0.984111111111111,0.984111111111111,0.984111111111111,0.984111111111111,0.984111111111111,0.984111111111111,0.984111111111111,0.9840793650793651,0.9841111111111112,0.9841111111111112
cicids18,RandomForest,lime,0.9,0.9841269841269841,0.984111111111111,0.9841269841269841,0.9841269841269841,0.9841269841269841,0.984111111111111,0.984111111111111,0.9841269841269841,0.9841269841269841,0.984111111111111,0.9841428571428571,0.9841428571428571,0.9841428571428571,0.9841428571428571,0.9841428571428571,0.9841428571428571,0.9841428571428571,0.9841428571428571,0.9841428571428571,0.9841428571428571,0.9841269841269841,0.984111111111111,0.9841269841269841,0.984111111111111,0.984111111111111,0.984111111111111,0.9841269841269841,0.9841269841269841,0.9841269841269841,0.984111111111111,0.9841206349206348,0.9841428571428571,0.9841190476190477
cicids18,RandomForest,lime,1.0,0.997968253968254,0.9981587301587301,0.9982380952380953,0.9982063492063492,0.9977777777777779,0.9983492063492064,0.9980476190476191,0.997920634920635,0.9981904761904762,0.9980476190476191,0.998095238095238,0.9982380952380953,0.9983333333333334,0.9983809523809524,0.9981111111111111,0.9981111111111111,0.9981269841269841,0.9978412698412699,0.9981587301587301,0.9978253968253968,0.9981904761904762,0.9978253968253968,0.9984603174603176,0.9981746031746032,0.997904761904762,0.9979523809523809,0.9981587301587301,0.9978571428571429,0.9982063492063492,0.9983492063492065,0.9980904761904761,0.9981222222222221,0.9981079365079365
cicids18,RandomForest,shap,0.0,0.21393650793650792,0.22606349206349205,0.2038095238095238,0.20058730158730156,0.20874603174603173,0.22292063492063488,0.20592063492063495,0.2165238095238095,0.21868253968253967,0.19290476190476186,0.2336031746031746,0.23823809523809525,0.2188253968253968,0.21888888888888888,0.21744444444444447,0.24233333333333332,0.2221904761904762,0.23538095238095239,0.23960317460317457,0.2115079365079365,0.1924761904761905,0.2098095238095238,0.19093650793650796,0.17014285714285715,0.19615873015873014,0.18815873015873016,0.19030158730158728,0.19474603174603175,0.18260317460317457,0.1642063492063492,0.2110095238095238,0.22780158730158734,0.18795396825396826
cicids18,RandomForest,shap,0.1,0.6458730158730159,0.649063492063492,0.6506825396825398,0.6459365079365079,0.6493333333333333,0.6451587301587302,0.6452539682539682,0.6458412698412699,0.6393968253968254,0.6483015873015873,0.6164920634920635,0.6181428571428571,0.6246825396825397,0.6162063492063492,0.6176666666666666,0.6183174603174603,0.6166190476190476,0.6176507936507936,0.6191428571428571,0.615936507936508,0.7370793650793651,0.7381904761904763,0.732936507936508,0.7434444444444446,0.7417619047619048,0.727031746031746,0.7303492063492064,0.7341269841269841,0.7209047619047619,0.7476349206349208,0.6464841269841269,0.6180857142857142,0.7353460317460317
cicids18,RandomForest,shap,0.2,0.8071587301587302,0.8084920634920635,0.8083968253968254,0.8045079365079365,0.8058888888888889,0.8054126984126986,0.8066507936507937,0.8028253968253969,0.8045079365079366,0.8053015873015872,0.7809206349206349,0.7805238095238096,0.785079365079365,0.7719365079365079,0.7775555555555557,0.784047619047619,0.7771111111111111,0.7783809523809523,0.7826349206349207,0.7777777777777778,0.8814444444444446,0.8823809523809525,0.8753015873015874,0.8896984126984128,0.8789523809523809,0.8663650793650794,0.8816666666666667,0.8701111111111112,0.8767142857142858,0.8804920634920635,0.8059142857142858,0.7795968253968254,0.8783126984126985
cicids18,RandomForest,shap,0.3,0.8801269841269842,0.8827619047619049,0.8828095238095238,0.8794126984126985,0.880984126984127,0.8815555555555556,0.8803492063492064,0.8792222222222222,0.8763492063492065,0.8792222222222222,0.8633015873015873,0.8634920634920636,0.865984126984127,0.8580793650793651,0.8618253968253968,0.8633492063492065,0.8627142857142858,0.8594920634920636,0.860936507936508,0.8593492063492064,0.927984126984127,0.9340476190476191,0.9254285714285716,0.9377142857142858,0.9301587301587302,0.9310158730158731,0.9280158730158731,0.9303174603174603,0.9231904761904763,0.9334920634920636,0.8802793650793651,0.8618523809523809,0.930136507936508
cicids18,RandomForest,shap,0.4,0.9200793650793653,0.9201746031746033,0.9207777777777779,0.9183333333333334,0.9184920634920636,0.918904761904762,0.9210317460317462,0.9180158730158732,0.9184285714285716,0.9198888888888889,0.9117460317460317,0.9091111111111112,0.9115714285714287,0.9064444444444446,0.9066984126984128,0.9085079365079366,0.9103333333333333,0.9084761904761905,0.9100793650793653,0.9100952380952382,0.9499206349206349,0.9511904761904763,0.9503492063492064,0.9526190476190477,0.9502539682539684,0.949031746031746,0.9504920634920636,0.9496666666666667,0.9488095238095239,0.9507301587301588,0.9194126984126985,0.9093063492063491,0.9503063492063492
cicids18,RandomForest,shap,0.5,0.9434285714285714,0.9421269841269843,0.9427619047619048,0.9402698412698415,0.9397777777777778,0.9403015873015874,0.9432222222222223,0.9409047619047619,0.9408888888888889,0.9407777777777778,0.9397142857142857,0.9370317460317461,0.9387936507936508,0.9339682539682541,0.9336349206349207,0.9362222222222224,0.9394285714285716,0.9372539682539685,0.9371111111111112,0.9366666666666668,0.9601904761904761,0.9595873015873017,0.9588730158730159,0.9605873015873017,0.959,0.959047619047619,0.959015873015873,0.9582380952380952,0.9596349206349207,0.9600793650793651,0.9414460317460318,0.9369825396825398,0.9594253968253967
cicids18,RandomForest,shap,0.6,0.9576349206349207,0.9562539682539684,0.9562380952380952,0.9544126984126984,0.9555079365079365,0.9550952380952382,0.957968253968254,0.9553174603174603,0.9544920634920636,0.9554444444444445,0.9570634920634922,0.9555396825396827,0.9557142857142857,0.953,0.9540952380952381,0.9534285714285715,0.9575873015873015,0.9537460317460318,0.9538412698412698,0.953968253968254,0.9661904761904762,0.964968253968254,0.9633809523809524,0.9668253968253968,0.963968253968254,0.9652380952380952,0.9641428571428571,0.9636190476190477,0.966111111111111,0.9659682539682539,0.955836507936508,0.9547984126984128,0.9650412698412698
cicids18,RandomForest,shap,0.7,0.9677460317460318,0.9683333333333333,0.9657142857142857,0.9674761904761905,0.9683968253968254,0.9662063492063492,0.9670793650793651,0.9655238095238095,0.9646507936507938,0.9655873015873014,0.968920634920635,0.9672380952380952,0.9662380952380953,0.9653174603174602,0.9666349206349206,0.9658730158730159,0.9681428571428571,0.9656349206349207,0.9653650793650794,0.9661904761904762,0.9694285714285713,0.9748412698412698,0.967936507936508,0.975936507936508,0.9726825396825397,0.9696825396825397,0.967984126984127,0.9695555555555556,0.9697619047619048,0.9693174603174602,0.9666714285714285,0.9665555555555556,0.9707126984126985
cicids18,RandomForest,shap,0.8,0.9762063492063492,0.9757777777777779,0.9748095238095238,0.9758095238095239,0.9752698412698412,0.9750952380952381,0.9743492063492063,0.9743809523809523,0.9729682539682539,0.9746190476190476,0.9755555555555554,0.9746666666666667,0.9736984126984126,0.9740634920634921,0.9737619047619048,0.9734761904761904,0.9753015873015872,0.973047619047619,0.9735714285714285,0.9739047619047618,0.9789047619047619,0.9801428571428571,0.9787936507936508,0.9805396825396824,0.9795079365079364,0.978984126984127,0.9735555555555555,0.9791428571428571,0.9741428571428571,0.9760793650793651,0.9749285714285714,0.9741047619047618,0.977979365079365
cicids18,RandomForest,shap,0.9,0.9804444444444443,0.9803174603174603,0.9803174603174603,0.9805714285714285,0.9807777777777779,0.9802222222222222,0.9806825396825397,0.979984126984127,0.9796825396825396,0.9800793650793651,0.9801269841269841,0.9794285714285714,0.9797936507936508,0.9801428571428571,0.9796349206349205,0.9790634920634921,0.9806666666666665,0.9790793650793651,0.9793174603174603,0.979015873015873,0.9825555555555554,0.9826349206349205,0.9823333333333333,0.9825079365079364,0.9831746031746031,0.9823809523809522,0.9811904761904762,0.9830476190476191,0.9808888888888888,0.9813809523809522,0.9803079365079366,0.979626984126984,0.9822095238095236
cicids18,RandomForest,shap,1.0,1.0,1.0,1.0,1.0,1.0,1.0,1.0,1.0,1.0,1.0,1.0,1.0,1.0,1.0,1.0,1.0,1.0,1.0,1.0,1.0,1.0,1.0,1.0,1.0,1.0,1.0,1.0,1.0,1.0,1.0,1.0,1.0,1.0
cicids17,XGBoost,lime,0.0,0.015384615384615387,0.015384615384615387,0.015384615384615387,0.015384615384615387,0.015384615384615387,0.015384615384615387,0.015384615384615387,0.015384615384615387,0.015384615384615387,0.015384615384615387,0.015384615384615387,0.015384615384615387,0.015384615384615387,0.015384615384615387,0.015384615384615387,0.015384615384615387,0.015384615384615387,0.015384615384615387,0.015384615384615387,0.015384615384615387,0.015384615384615384,0.015384615384615384,0.015384615384615384,0.015384615384615384,0.015384615384615384,0.015384615384615384,0.015384615384615384,0.015384615384615384,0.015384615384615384,0.015384615384615384,0.015384615384615389,0.015384615384615389,0.015384615384615382
cicids17,XGBoost,lime,0.1,0.2608461538461539,0.2602923076923077,0.25746153846153846,0.25923076923076926,0.25769230769230766,0.25570769230769236,0.25909230769230773,0.25920000000000004,0.2611538461538462,0.25847692307692305,0.25632307692307693,0.25903076923076923,0.2627538461538462,0.2606615384615385,0.2602461538461539,0.2564461538461538,0.26284615384615384,0.2609384615384615,0.2599384615384615,0.2629230769230769,0.26450057405281285,0.2615614236509759,0.2592881745120551,0.2659701492537313,0.2649138920780712,0.2632606199770379,0.25947187141216993,0.26057405281285884,0.26569460390355915,0.26185993111366246,0.2589153846153846,0.26021076923076925,0.26270952927669344
cicids17,XGBoost,lime,0.2,0.4776769230769231,0.4765692307692308,0.4751846153846154,0.47196923076923075,0.4724307692307692,0.4723076923076923,0.47326153846153846,0.4751538461538462,0.4740307692307693,0.47561538461538466,0.4713846153846154,0.4765846153846154,0.4771538461538462,0.47206153846153853,0.477723076923077,0.4697384615384616,0.4794461538461539,0.4756615384615385,0.47492307692307695,0.47761538461538466,0.4787830080367394,0.4760275545350172,0.4768771526980482,0.4790585533869116,0.48399540757749715,0.4838117106773824,0.47777267508610793,0.4789437428243398,0.483398392652124,0.4750631458094145,0.47442,0.47522923076923085,0.4793731343283583
cicids17,XGBoost,lime,0.3,0.6485538461538461,0.6465076923076922,0.6465230769230769,0.6467692307692308,0.6455384615384614,0.6412153846153845,0.6437538461538461,0.6439846153846154,0.6448307692307692,0.6430923076923077,0.6454461538461537,0.6452769230769231,0.6488923076923077,0.643876923076923,0.6469846153846154,0.6412,0.6493230769230768,0.6460461538461538,0.645523076923077,0.6497076923076922,0.6443857634902411,0.6467738231917337,0.6485189437428244,0.6515958668197475,0.6512055109070035,0.6542135476463835,0.650126291618829,0.6491848450057405,0.653593570608496,0.6454190585533869,0.6450769230769231,0.6462276923076923,0.6495017221584385
cicids17,XGBoost,lime,0.4,0.7718153846153846,0.7696000000000002,0.7681384615384615,0.7695230769230771,0.7680923076923077,0.7648923076923078,0.7669538461538462,0.7668769230769231,0.7707538461538463,0.766846153846154,0.7679538461538461,0.7669692307692307,0.7709846153846154,0.7680307692307692,0.7714153846153846,0.765323076923077,0.7712,0.7690615384615385,0.7678153846153847,0.7732307692307693,0.7684270952927669,0.7720551090700344,0.7699655568312285,0.7711136624569459,0.7717795637198622,0.7767164179104475,0.7706084959816304,0.7735017221584385,0.7742824339839265,0.7679448909299655,0.7683492307692309,0.7691984615384616,0.7716394948335246
cicids17,XGBoost,lime,0.5,0.8533230769230771,0.8524769230769234,0.8506153846153848,0.8509846153846156,0.8518307692307694,0.8487076923076925,0.8492153846153848,0.849923076923077,0.8509384615384618,0.8492615384615386,0.8491230769230771,0.8507846153846156,0.8516000000000001,0.8519384615384618,0.8526769230769232,0.8494000000000002,0.8527846153846156,0.851969230769231,0.8513076923076927,0.8561384615384618,0.8508840413318025,0.8521469575200918,0.8531113662456945,0.8552698048220436,0.8538920780711826,0.8567393800229621,0.8544661308840413,0.8560964408725601,0.8568771526980482,0.8496440872560277,0.8507276923076924,0.8517723076923079,0.8539127439724454
cicids17,XGBoost,lime,0.6,0.9058000000000002,0.9060923076923079,0.9039692307692309,0.9053384615384618,0.903769230769231,0.9028923076923079,0.9042000000000001,0.9034923076923078,0.9033384615384618,0.9040153846153849,0.9023384615384618,0.9036000000000002,0.9052923076923077,0.9065384615384616,0.905923076923077,0.9030615384615387,0.9055538461538463,0.9044307692307695,0.9050769230769233,0.9075846153846157,0.9048679678530426,0.9063834672789898,0.9081056257175661,0.9072789896670495,0.9058323765786452,0.9081745120551092,0.9060619977037888,0.9078760045924226,0.9090241102181402,0.903260619977038,0.9042907692307693,0.9049400000000002,0.9066865671641793
cicids17,XGBoost,lime,0.7,0.9392923076923079,0.9394615384615386,0.9384153846153848,0.9388769230769232,0.938646153846154,0.9372153846153847,0.9385692307692309,0.9390923076923077,0.9380769230769233,0.9380769230769233,0.9369692307692309,0.9383692307692308,0.9394769230769232,0.9400307692307693,0.9396923076923077,0.937646153846154,0.939246153846154,0.9393076923076924,0.9390923076923078,0.9407384615384617,0.938553386911596,0.9404362801377727,0.940711825487945,0.9409873708381171,0.9390585533869117,0.9411021814006889,0.9406199770378876,0.9405510907003445,0.941239954075775,0.936854190585534,0.9385723076923078,0.9390569230769235,0.9400114810562572
cicids17,XGBoost,lime,0.8,0.9609384615384616,0.9608461538461539,0.9608,0.9610307692307694,0.9616307692307694,0.9606307692307694,0.9614615384615386,0.9610615384615385,0.9609692307692309,0.9607076923076924,0.9600153846153847,0.9600307692307692,0.9607692307692309,0.9617384615384617,0.9624153846153847,0.9608923076923079,0.9607076923076925,0.9612153846153847,0.9611692307692308,0.9620000000000001,0.9611940298507463,0.9609873708381172,0.9613547646383468,0.9623650975889781,0.9605281285878303,0.9628932261768083,0.9618369690011482,0.9623421354764637,0.9625717566016073,0.9595407577497131,0.9610076923076925,0.9610953846153848,0.9615614236509759
cicids17,XGBoost,lime,0.9,0.9752461538461539,0.9751076923076923,0.9754923076923078,0.9760153846153846,0.9756307692307694,0.9752461538461539,0.9752461538461539,0.9748000000000002,0.9756615384615385,0.9750769230769231,0.974446153846154,0.9755692307692309,0.9748307692307693,0.9752153846153848,0.9758000000000001,0.9748769230769233,0.9752769230769232,0.9750307692307693,0.9754153846153847,0.9756615384615385,0.9755223880597015,0.9755683122847303,0.9758668197474167,0.9758438576349023,0.9745809414466131,0.9766934557979335,0.9757749712973592,0.9756831228473019,0.9762342135476464,0.9748564867967855,0.9753523076923077,0.9752123076923078,0.975662456946039
cicids17,XGBoost,lime,1.0,0.9980615384615384,0.9976923076923078,0.9982,0.9982461538461539,0.9980769230769231,0.9980461538461538,0.9980769230769231,0.9980615384615384,0.9979230769230769,0.998,0.9982769230769232,0.9979230769230769,0.9979230769230769,0.998123076923077,0.9981384615384615,0.9980615384615384,0.9982000000000001,0.9981384615384615,0.9980769230769231,0.9979230769230769,0.997956371986223,0.9978185993111366,0.9983008036739379,0.9981630309988518,0.9982548794489092,0.9978645235361654,0.9981400688863374,0.9979334098737083,0.9982089552238805,0.9981171067738231,0.9980384615384613,0.9980784615384615,0.9980757749712973
cicids17,XGBoost,shap,0.0,0.34670769230769233,0.37292307692307697,0.3316769230769231,0.3648153846153847,0.3360153846153846,0.35829230769230774,0.36772307692307693,0.3913384615384616,0.3534307692307692,0.3522307692307693,0.35123076923076924,0.3709076923076923,0.34052307692307693,0.36927692307692306,0.33713846153846155,0.3582307692307693,0.3671692307692308,0.3874307692307692,0.3584307692307693,0.35610769230769235,0.35956371986222735,0.36206659012629167,0.3458553386911596,0.3661308840413318,0.35402985074626864,0.3525373134328358,0.34677382319173367,0.3610332950631458,0.3682893226176808,0.36799081515499427,0.3575153846153847,0.3596446153846154,0.35842709529276695
cicids17,XGBoost,shap,0.1,0.8167384615384617,0.799646153846154,0.8301384615384617,0.7694923076923077,0.8094000000000001,0.8071384615384617,0.886046153846154,0.7731230769230769,0.7826923076923077,0.8285846153846155,0.8180307692307692,0.8010000000000003,0.8319692307692309,0.7705846153846155,0.8139384615384617,0.8074769230769232,0.883369230769231,0.7745846153846154,0.7852,0.8287384615384618,0.657772675086108,0.6679908151549943,0.6530424799081516,0.6629161882893226,0.6547646383467279,0.655752009184845,0.6660849598163032,0.6612858783008037,0.662020665901263,0.6640183696900115,0.8103000000000001,0.811489230769231,0.6605648679678532
cicids17,XGBoost,shap,0.2,0.9192000000000001,0.8968461538461541,0.927369230769231,0.876092307692308,0.9148307692307694,0.9058307692307694,0.9454923076923079,0.8694923076923078,0.883323076923077,0.9194000000000001,0.9194615384615386,0.8992307692307695,0.927846153846154,0.8760153846153849,0.9170000000000003,0.906246153846154,0.9453692307692309,0.8712615384615386,0.8863538461538464,0.9191230769230772,0.8171067738231917,0.8241102181400689,0.8208036739380022,0.8225947187141217,0.8218140068886338,0.8188059701492537,0.8276463834672788,0.8217910447761194,0.819540757749713,0.8189207807118255,0.9057876923076924,0.9067907692307694,0.8213134328358208
cicids17,XGBoost,shap,0.3,0.9502615384615385,0.943246153846154,0.9483076923076924,0.9200000000000003,0.9468615384615385,0.9442769230769231,0.9589846153846154,0.9280923076923078,0.931246153846154,0.9476769230769232,0.9508153846153847,0.9427230769230771,0.9485538461538463,0.9224000000000001,0.9474615384615386,0.9443384615384616,0.9585384615384616,0.928846153846154,0.9332153846153847,0.9479538461538463,0.8829850746268659,0.8849138920780711,0.8830080367393802,0.8828473019517797,0.8831917336394949,0.882801377726751,0.8863605051664756,0.8865442020665902,0.8824799081515501,0.8817910447761197,0.9418953846153846,0.9424846153846154,0.8836923076923078
cicids17,XGBoost,shap,0.4,0.9622615384615385,0.9604923076923078,0.9628307692307693,0.9473076923076924,0.9564000000000001,0.9606615384615385,0.9647846153846155,0.9558769230769232,0.9565384615384617,0.9602,0.9624307692307694,0.9607384615384615,0.9631076923076924,0.9481846153846155,0.9569076923076923,0.961,0.964723076923077,0.9566923076923078,0.9572615384615385,0.9600769230769233,0.9173134328358209,0.92195177956372,0.919012629161883,0.9179563719862227,0.919012629161883,0.9190585533869117,0.922227324913892,0.9219288174512056,0.9177956371986224,0.9185304247990816,0.9587353846153845,0.9591123076923079,0.9194787600459243
cicids17,XGBoost,shap,0.5,0.970323076923077,0.9696000000000001,0.9748923076923078,0.9644923076923078,0.9667076923076925,0.9726769230769231,0.9729692307692308,0.9668307692307693,0.9643538461538462,0.9656000000000001,0.9702000000000001,0.9692769230769231,0.9745846153846155,0.9644000000000001,0.9671692307692308,0.9719230769230771,0.9723846153846155,0.9667846153846155,0.964646153846154,0.9656000000000001,0.9394029850746268,0.9427324913892079,0.9406199770378876,0.9388748564867968,0.9405510907003445,0.9407347876004594,0.944454649827784,0.942411021814007,0.9398622273249138,0.9397933409873708,0.9688446153846156,0.9686969230769232,0.94094374282434
cicids17,XGBoost,shap,0.6,0.976446153846154,0.9766000000000001,0.9787538461538463,0.9714307692307693,0.9768615384615386,0.9784307692307693,0.9774769230769231,0.9743384615384616,0.9691692307692308,0.9704307692307693,0.9764923076923078,0.9764153846153847,0.9784769230769231,0.9716000000000001,0.9766769230769232,0.9782769230769232,0.9769384615384616,0.9740769230769231,0.9696923076923079,0.9709230769230769,0.9547646383467278,0.9578645235361652,0.954902411021814,0.9531572904707234,0.9537772675086108,0.9565097588978188,0.9580941446613088,0.956923076923077,0.9553386911595867,0.9559816303099887,0.9749938461538463,0.974956923076923,0.9557313432835819
cicids17,XGBoost,shap,0.7,0.9804923076923078,0.9803846153846155,0.9806307692307694,0.9749384615384615,0.9804153846153847,0.9806153846153848,0.9807692307692307,0.9783076923076923,0.9737692307692309,0.9774153846153847,0.9800769230769231,0.9803846153846155,0.9802307692307692,0.9749384615384616,0.9801076923076923,0.9801538461538462,0.9800923076923077,0.9781384615384616,0.9740307692307693,0.9772615384615385,0.9664982778415614,0.967256027554535,0.9660619977037889,0.9648450057405282,0.9650975889781859,0.9673019517795638,0.9679448909299657,0.9657175660160735,0.9659242250287027,0.9665212399540757,0.9787738461538463,0.9785415384615386,0.9663168771526982
cicids17,XGBoost,shap,0.8,0.9819076923076923,0.9818615384615385,0.9816615384615385,0.9775692307692309,0.9813692307692309,0.9816000000000001,0.9824615384615386,0.9810307692307694,0.976123076923077,0.981123076923077,0.9818153846153845,0.9818153846153846,0.9813692307692309,0.9779230769230769,0.981446153846154,0.9812153846153847,0.9820923076923077,0.9804,0.9762923076923078,0.9806153846153847,0.972215843857635,0.9727669345579796,0.9728587830080369,0.9721239954075777,0.9722617680826637,0.9729735935706084,0.975361653272101,0.9721239954075777,0.97150401836969,0.9724684270952928,0.9806707692307693,0.9804984615384615,0.9726659012629163
cicids17,XGBoost,shap,0.9,0.9833846153846155,0.9830307692307693,0.9832923076923078,0.981646153846154,0.9827076923076924,0.9831846153846154,0.9836769230769232,0.9829230769230769,0.9793384615384616,0.9832153846153847,0.9832923076923078,0.983,0.9829692307692308,0.9819384615384615,0.982923076923077,0.9829846153846153,0.9836000000000001,0.9829846153846153,0.9794923076923078,0.9830307692307693,0.9775430539609644,0.9787141216991962,0.9784156142365099,0.9779563719862228,0.9774052812858784,0.9782548794489094,0.9809873708381172,0.97752009184845,0.9781171067738234,0.9783696900114811,0.9826400000000002,0.9826215384615384,0.9783283582089553
cicids17,XGBoost,shap,1.0,1.0,1.0,1.0,1.0,1.0,1.0,1.0,1.0,1.0,1.0,1.0,1.0,1.0,1.0,1.0,1.0,1.0,1.0,1.0,1.0,1.0,1.0,1.0,1.0,1.0,1.0,1.0,1.0,1.0,1.0,1.0,1.0,1.0
cicids18,XGBoost,lime,0.0,0.015873015873015872,0.015873015873015872,0.015873015873015872,0.015873015873015872,0.015873015873015872,0.015873015873015872,0.015873015873015872,0.015873015873015872,0.015873015873015872,0.015873015873015872,0.015873015873015872,0.015873015873015872,0.015873015873015872,0.015873015873015872,0.015873015873015872,0.015873015873015872,0.015873015873015872,0.015873015873015872,0.015873015873015872,0.015873015873015872,0.015873015873015872,0.015873015873015872,0.015873015873015872,0.015873015873015872,0.015873015873015872,0.015873015873015872,0.015873015873015872,0.015873015873015872,0.015873015873015872,0.015873015873015872,0.015873015873015872,0.015873015873015872,0.015873015873015872
cicids18,XGBoost,lime,0.1,0.44163492063492066,0.44096825396825395,0.4428888888888889,0.4382063492063492,0.43961904761904763,0.4428095238095239,0.4421111111111111,0.44217460317460316,0.4410793650793651,0.44096825396825395,0.4367301587301587,0.43752380952380954,0.4419047619047619,0.43412698412698414,0.43857142857142856,0.43463492063492065,0.4351904761904761,0.4392698412698413,0.43714285714285717,0.4351746031746032,0.44084126984126987,0.44246031746031744,0.43792063492063493,0.44174603174603183,0.439015873015873,0.4392539682539683,0.438952380952381,0.43880952380952387,0.4414444444444445,0.43793650793650796,0.4412460317460318,0.43702698412698415,0.43983809523809525
cicids18,XGBoost,lime,0.2,0.6871904761904761,0.688126984126984,0.6863809523809523,0.6864603174603173,0.6873968253968253,0.6874444444444443,0.6862222222222221,0.6877142857142856,0.690031746031746,0.6872380952380952,0.6823968253968253,0.6861587301587301,0.6858253968253967,0.686079365079365,0.6835079365079364,0.6835396825396824,0.6820793650793651,0.6877142857142855,0.6841269841269841,0.6849047619047617,0.6877301587301586,0.6902857142857142,0.6859999999999998,0.6882380952380952,0.6846507936507935,0.6869365079365077,0.6872380952380952,0.6859206349206348,0.6878412698412697,0.6857142857142855,0.6874206349206349,0.6846333333333332,0.6870555555555555
cicids18,XGBoost,lime,0.3,0.802873015873016,0.8037619047619049,0.8039523809523812,0.8025079365079366,0.8018888888888889,0.8051111111111113,0.8013174603174604,0.8033968253968256,0.8029682539682541,0.801793650793651,0.8023650793650795,0.8032698412698415,0.8021587301587304,0.8016825396825398,0.8012222222222224,0.8017460317460318,0.7997777777777778,0.8033174603174604,0.8014285714285716,0.8027777777777779,0.8027301587301587,0.8039841269841272,0.8038412698412699,0.8044444444444445,0.8023968253968256,0.8022380952380954,0.8036190476190477,0.802809523809524,0.8047619047619048,0.8014761904761906,0.8029571428571429,0.8019746031746033,0.8032301587301589
cicids18,XGBoost,lime,0.4,0.8624761904761906,0.8630952380952382,0.8627301587301588,0.8615079365079367,0.8627936507936509,0.8636031746031747,0.8620634920634922,0.8630952380952382,0.8633968253968255,0.8621111111111113,0.8624126984126985,0.8631269841269843,0.8622063492063494,0.8615714285714287,0.8621111111111113,0.8613015873015875,0.8605396825396826,0.8623650793650796,0.862793650793651,0.8623333333333335,0.86384126984127,0.863968253968254,0.8642063492063494,0.864968253968254,0.8623174603174605,0.8634603174603176,0.863888888888889,0.8635714285714287,0.8633650793650796,0.863857142857143,0.8626873015873018,0.8620761904761907,0.8637444444444446
cicids18,XGBoost,lime,0.5,0.9030952380952383,0.9027142857142859,0.9033968253968255,0.9025238095238096,0.903873015873016,0.9037460317460321,0.9026666666666668,0.9025714285714288,0.9030952380952383,0.9027619047619051,0.902746031746032,0.9030000000000002,0.9036190476190478,0.9019365079365081,0.9029047619047621,0.9022380952380955,0.9022857142857145,0.903603174603175,0.903761904761905,0.9034444444444447,0.9044761904761905,0.90484126984127,0.903761904761905,0.9042063492063493,0.9034126984126986,0.9045873015873018,0.9044285714285716,0.9035396825396828,0.9040634920634922,0.9044126984126986,0.9030444444444446,0.9029539682539683,0.9041730158730161
cicids18,XGBoost,lime,0.6,0.9367936507936508,0.9362063492063494,0.9371269841269843,0.9365238095238096,0.9368253968253969,0.936873015873016,0.9370952380952383,0.9366984126984128,0.9359841269841271,0.936873015873016,0.9362857142857145,0.9367936507936508,0.9381111111111111,0.9366666666666669,0.9362539682539684,0.936904761904762,0.9365396825396827,0.9375555555555557,0.9372222222222224,0.9370634920634922,0.9376190476190477,0.9393333333333335,0.9383968253968255,0.9386666666666668,0.9373809523809525,0.9373333333333335,0.9372222222222224,0.9387619047619048,0.9383650793650795,0.9377777777777778,0.9367000000000001,0.9369396825396826,0.9380857142857142
cicids18,XGBoost,lime,0.7,0.9604444444444444,0.9594126984126984,0.959952380952381,0.9602063492063492,0.9597619047619048,0.960126984126984,0.960031746031746,0.9597301587301588,0.9593809523809524,0.9588730158730159,0.9601746031746031,0.9596984126984127,0.9598888888888889,0.9602380952380952,0.958968253968254,0.9595238095238097,0.9594761904761905,0.959952380952381,0.9594920634920636,0.9593809523809524,0.9607460317460318,0.9612063492063492,0.9611428571428571,0.9607619047619048,0.9593174603174603,0.9600793650793651,0.9606507936507938,0.9612539682539684,0.9612698412698412,0.960015873015873,0.9597920634920634,0.9596793650793651,0.9606444444444445
cicids18,XGBoost,lime,0.8,0.9729047619047619,0.9726666666666668,0.9726825396825396,0.9736984126984126,0.972936507936508,0.9729682539682539,0.9725396825396826,0.9725873015873016,0.9725079365079367,0.972936507936508,0.9731428571428571,0.9734603174603174,0.9726031746031747,0.972984126984127,0.9729047619047619,0.973015873015873,0.9721587301587301,0.9734285714285713,0.972952380952381,0.9727460317460318,0.9735079365079364,0.9746825396825397,0.9737460317460317,0.9732539682539681,0.9731746031746031,0.9733015873015872,0.9736666666666667,0.9735396825396825,0.9737142857142856,0.9735555555555555,0.9728428571428573,0.9729396825396825,0.9736142857142855
cicids18,XGBoost,lime,0.9,0.9803015873015873,0.9799682539682539,0.9803015873015872,0.9808571428571429,0.98,0.9806349206349207,0.9803015873015872,0.9801428571428571,0.9802857142857142,0.980111111111111,0.9803968253968253,0.9805714285714285,0.980015873015873,0.9802698412698412,0.9801746031746031,0.9803650793650793,0.9797936507936509,0.9806349206349205,0.9803492063492063,0.9800793650793651,0.9804920634920634,0.9808095238095238,0.9805396825396825,0.9806507936507936,0.9801428571428571,0.9805396825396824,0.9805714285714284,0.9808412698412698,0.9804920634920634,0.9806507936507937,0.9802904761904759,0.9802650793650793,0.9805730158730158
cicids18,XGBoost,lime,1.0,0.9976507936507937,0.998,0.9979523809523809,0.9979523809523809,0.9980476190476191,0.998015873015873,0.9980634920634921,0.998095238095238,0.9978888888888889,0.998031746031746,0.998031746031746,0.9978095238095238,0.9977936507936508,0.9977777777777779,0.9982063492063492,0.998031746031746,0.9978412698412699,0.9979523809523809,0.997984126984127,0.9982539682539682,0.9980476190476191,0.997968253968254,0.9978888888888889,0.9978095238095238,0.9977777777777779,0.9978412698412699,0.9981269841269841,0.9979365079365079,0.998,0.9978095238095238,0.9979698412698413,0.997968253968254,0.9979206349206349
cicids18,XGBoost,shap,0.0,0.2309206349206349,0.25236507936507935,0.2332857142857143,0.24387301587301585,0.2803809523809524,0.2667936507936508,0.25036507936507935,0.25896825396825396,0.26860317460317457,0.2647936507936508,0.24033333333333332,0.2672380952380952,0.24560317460317457,0.25147619047619046,0.29238095238095235,0.27385714285714285,0.25587301587301586,0.2758095238095238,0.2769365079365079,0.27541269841269844,0.2517936507936508,0.2696666666666666,0.2663650793650794,0.2593809523809524,0.2854126984126984,0.2682539682539682,0.24285714285714283,0.27422222222222226,0.27358730158730155,0.2618253968253968,0.25503492063492067,0.2654920634920635,0.2653365079365079
cicids18,XGBoost,shap,0.1,0.7748730158730159,0.786079365079365,0.7715238095238095,0.822984126984127,0.8246507936507937,0.8228253968253969,0.7837936507936508,0.8021904761904762,0.8303492063492065,0.8197460317460318,0.780984126984127,0.7951587301587302,0.7776031746031746,0.8296190476190477,0.8294444444444445,0.8330634920634921,0.791063492063492,0.8081746031746031,0.8379841269841269,0.8294761904761906,0.7284285714285715,0.7515238095238096,0.7471587301587301,0.7646349206349207,0.7666825396825397,0.762095238095238,0.7275555555555555,0.750904761904762,0.7624920634920636,0.7603492063492063,0.8039015873015872,0.8112571428571428,0.7521825396825396
cicids18,XGBoost,shap,0.2,0.8920634920634921,0.9003809523809525,0.893936507936508,0.9221746031746033,0.9183174603174604,0.9201904761904762,0.8967301587301589,0.9060158730158733,0.9206825396825398,0.9145238095238096,0.8966190476190478,0.9044603174603176,0.8955555555555557,0.9246507936507937,0.9194126984126986,0.9249523809523811,0.9017142857142859,0.9102698412698415,0.9222063492063494,0.917936507936508,0.8703015873015875,0.8790317460317463,0.871952380952381,0.8886825396825397,0.8836984126984129,0.886857142857143,0.8670000000000002,0.8796984126984128,0.888952380952381,0.8844444444444446,0.9085015873015871,0.911777777777778,0.8800619047619049
cicids18,XGBoost,shap,0.3,0.9361904761904764,0.9418888888888889,0.937857142857143,0.9504920634920636,0.9485238095238095,0.9512698412698415,0.938936507936508,0.938809523809524,0.9514761904761906,0.9456666666666668,0.938968253968254,0.9435079365079366,0.9373650793650795,0.9516349206349207,0.9495714285714286,0.9539841269841269,0.9423650793650795,0.9413492063492064,0.9524285714285714,0.9475714285714286,0.9185555555555557,0.9237777777777779,0.9229682539682541,0.927809523809524,0.9257936507936508,0.9258888888888889,0.9171111111111113,0.9215396825396827,0.9301111111111112,0.9247142857142859,0.9441111111111111,0.9458746031746031,0.9238269841269844
cicids18,XGBoost,shap,0.4,0.9555555555555555,0.957952380952381,0.955,0.9613333333333335,0.959047619047619,0.962952380952381,0.959126984126984,0.955936507936508,0.9667777777777778,0.9601428571428571,0.956968253968254,0.9591428571428571,0.9550634920634922,0.9616507936507938,0.9599047619047619,0.9644920634920634,0.9609841269841269,0.9572857142857143,0.9685238095238097,0.9612698412698413,0.9453333333333335,0.9507619047619048,0.9482698412698414,0.9506031746031747,0.9498730158730159,0.9494126984126986,0.9436349206349207,0.9472857142857144,0.9545714285714286,0.9495396825396827,0.9593825396825398,0.9605285714285714,0.9489285714285716
cicids18,XGBoost,shap,0.5,0.964936507936508,0.9678412698412698,0.9652222222222222,0.970984126984127,0.966047619047619,0.971015873015873,0.9682698412698412,0.9662539682539681,0.9725238095238096,0.9694444444444443,0.9655873015873015,0.9688888888888889,0.9644761904761904,0.9713333333333333,0.9660634920634922,0.9721587301587301,0.9702698412698412,0.9666349206349207,0.9734761904761904,0.9696825396825396,0.9571428571428571,0.9606190476190476,0.9591587301587302,0.9614126984126984,0.9595238095238097,0.9621904761904763,0.9594285714285713,0.9588412698412698,0.9632698412698412,0.9597619047619047,0.9682539682539684,0.9688571428571429,0.9601349206349207
cicids18,XGBoost,shap,0.6,0.9704761904761905,0.9761269841269841,0.9704285714285713,0.9777619047619047,0.9721904761904762,0.9748730158730159,0.9741904761904762,0.9725238095238095,0.9761587301587301,0.9766507936507937,0.9709206349206349,0.9762857142857142,0.97,0.9781587301587301,0.9720634920634921,0.976031746031746,0.9755238095238095,0.9721904761904762,0.9768095238095239,0.9768571428571429,0.9667301587301588,0.9708095238095239,0.9674920634920635,0.9697301587301588,0.9691269841269841,0.9710634920634921,0.9696984126984127,0.9685238095238095,0.9726666666666668,0.9697460317460318,0.9741380952380952,0.974484126984127,0.9695587301587303
cicids18,XGBoost,shap,0.7,0.9744920634920635,0.980142857142857,0.9754444444444443,0.9811269841269841,0.978031746031746,0.9773492063492064,0.9772698412698413,0.9756349206349205,0.9800476190476191,0.9806984126984125,0.9743809523809523,0.9804920634920635,0.975031746031746,0.9811746031746031,0.977936507936508,0.978015873015873,0.9779682539682539,0.9755079365079365,0.980015873015873,0.9808095238095237,0.9728095238095239,0.9768730158730159,0.9751746031746031,0.9769206349206349,0.9756666666666667,0.9753015873015872,0.9750793650793651,0.9740793650793651,0.9771746031746031,0.9765238095238096,0.9780238095238095,0.9781333333333334,0.9755603174603176
cicids18,XGBoost,shap,0.8,0.9778253968253967,0.9818888888888888,0.9790793650793651,0.9823650793650793,0.9814126984126983,0.9794126984126983,0.9797142857142856,0.9776825396825397,0.981936507936508,0.9822063492063492,0.9778253968253967,0.9817936507936508,0.978111111111111,0.9822539682539682,0.9814603174603174,0.9797301587301587,0.9801587301587301,0.977111111111111,0.9816031746031745,0.9822063492063492,0.9775555555555554,0.9803809523809522,0.979,0.9806984126984126,0.9805396825396825,0.9795873015873015,0.9794285714285713,0.9777777777777777,0.9807777777777777,0.9802857142857143,0.9803523809523809,0.9802253968253968,0.9796031746031744
cicids18,XGBoost,shap,0.9,0.9812539682539682,0.9831904761904762,0.9813968253968253,0.9830634920634921,0.983031746031746,0.9824603174603174,0.9824444444444443,0.980063492063492,0.9831746031746031,0.982920634920635,0.9810634920634921,0.9832857142857142,0.9809365079365079,0.9829523809523809,0.9830634920634921,0.9823333333333333,0.9825555555555554,0.9795714285714285,0.9828412698412697,0.9827142857142857,0.9813333333333333,0.9826190476190476,0.9812857142857142,0.9828571428571428,0.9825714285714284,0.9824285714285713,0.9822539682539682,0.9806507936507937,0.9824444444444443,0.9828095238095238,0.9822999999999998,0.9821317460317459,0.9821253968253968
cicids18,XGBoost,shap,1.0,0.999984126984127,1.0,1.0,1.0,1.0,1.0,1.0,1.0,1.0,1.0,1.0,1.0,1.0,1.0,1.0,1.0,1.0,1.0,1.0,1.0,0.999968253968254,1.0,1.0,1.0,1.0,1.0,1.0,1.0,1.0,1.0,0.9999984126984127,1.0,0.9999968253968253
